{"rmse": 30140.4981470916, "r2": 0.7634329903863382}